?AlternativeTitleType_Parallel_title?;4bb300a4-04c9-414b-bfbc-9c032f74b7b2;
?AlternativeTitleType_Uniform_title?;30512027-cdc9-4c79-af75-1565b3bd888d;
?AlternativeTitleType_No_type_specified?;0fe58901-183e-4678-a3aa-0b4751174ba8;
?AlternativeTitleType_Portion_of_title?;a8b45056-2223-43ca-8514-4dd88ece984b;
?AlternativeTitleType_Distinctive_title?;781c04a4-f41e-4ab0-9118-6836e93de3c8;
?AlternativeTitleType_Cover_title?;5c364ce4-c8fd-4891-a28d-bb91c9bcdbfb;
?AlternativeTitleType_Spine_title?;dae08d04-8c4e-4ab2-b6bb-99edbf252231;
?AlternativeTitleType_Running_title?;09964ad1-7aed-49b8-8223-a4c105e3ef87;
?AlternativeTitleType_Added_title_page_title?;2ca8538d-a2fd-4e60-b967-1cb220101e22;
?AlternativeTitleType_Other_title?;2584943f-36ad-4037-a7fa-3bdebb09f452;
?AlternativeTitleType_Caption_title?;432ca81a-fe4d-4249-bfd3-53388725647d;
?CallNumberType_Library_of_Congress_classification?;95467209-6d7b-468b-94df-0f5d7ad2747d;
?CallNumberType_UDC?;d644be8f-deb5-4c4d-8c9e-2291b7c0f46f;
?CallNumberType_National_Library_of_Medicine_classification?;054d460d-d6b9-4469-9e37-7a78a2266655;
?CallNumberType_Dewey_Decimal_classification?;03dd64d0-5626-4ecd-8ece-4531e0069f35;
?CallNumberType_Source_specified_in_subfield_$2?;827a2b64-cbf5-4296-8545-130876e4dfc0;
?CallNumberType_Title?;5ba6b62e-6858-490a-8102-5b1369873835;
?CallNumberType_Shelving_control_number?;28927d76-e097-4f63-8510-e56f2b7a3ad0;
?CallNumberType_Shelved_separately?;cd70562c-dd0b-42f6-aa80-ce803d24d4a1;
?CallNumberType_MOYS?;828ae637-dfa3-4265-a1af-5279c436edff;
?CallNumberType_Other_scheme?;6caca63e-5651-4db6-9247-3205156e9699;
?CallNumberType_Superintendent_of_Documents_classification?;fc388041-6cd0-4806-8a74-ebe3b9ab4c6e;
?CallNumberType_LC_Modified?;512173a7-bd09-490e-b773-17d83f2b63fe;
?ClassificationType_NLM?;a7f4d03f-b0d8-496c-aebf-4e9cdb678200;
?ClassificationType_UDC?;e8662436-75a8-4984-bebc-531e38c774a0;
?ClassificationType_Additional_Dewey?;74c08086-81a4-4466-93d8-d117ce8646db;
?ClassificationType_Dewey?;42471af9-7d25-4f3a-bf78-60d29dcf463b;
?ClassificationType_Canadian_Classification?;ad615f6e-e28c-4343-b4a0-457397c5be3e;
?ClassificationType_LC?;ce176ace-a53e-4b4d-aa89-725ed7b2edac;
?ClassificationType_LC_(local)?;a83699eb-cc23-4307-8043-5a38a8dce335;
?ClassificationType_SUDOC?;9075b5f8-7d97-49e1-a431-73fdd468d476;
?ClassificationType_GDC?;fb12264c-ff3b-47e0-8e09-b0aa074361f1;
?ClassificationType_National_Agricultural_Library?;9a60012a-0fcf-4da9-a1d1-148e818c27ad;
?ContributorNameType_Personal_name?;2b94c631-fca9-4892-a730-03ee529ffe2a;
?ContributorNameType_Corporate_name?;2e48e713-17f3-4c13-a9f8-23845bb210aa;
?ContributorNameType_Meeting_name?;e8b311a6-3b21-43f2-a269-dd9310cb2d0a;
?ContributorType_dgg?;6901fbf1-c038-42eb-a03e-cd65bf91f660;
?ContributorType_pte?;45747710-39dc-47ec-b2b3-024d757f997e;
?ContributorType_tcd?;0efdaf72-6126-430a-8256-69c42ff6866f;
?ContributorType_clr?;81c01802-f61b-4548-954a-22aab027f6e5;
?ContributorType_own?;21dda3dc-cebd-4018-8db2-4f6d50ce3d02;
?ContributorType_cpc?;5d92d9de-adf3-4dea-93b5-580e9a88e696;
?ContributorType_bkd?;846ac49c-749d-49fd-a05f-e7f2885d9eaf;
?ContributorType_gis?;369783f6-78c8-4cd7-97ab-5029444e0c85;
?ContributorType_cpt?;86890f8f-2273-44e2-aa86-927c7f649b32;
?ContributorType_edc?;863e41e3-b9c5-44fb-abeb-a8ab536bb432;
?ContributorType_ppt?;4f7c335d-a9d9-4f38-87ef-9a5846b63e7f;
?ContributorType_lie?;7d60c4bf-5ddc-483a-b179-af6f1a76efbe;
?ContributorType_edt?;9deb29d1-3e71-4951-9413-a80adac703d0;
?ContributorType_egr?;af9a58fa-95df-4139-a06d-ecdab0b2317e;
?ContributorType_itr?;18ba15a9-0502-4fa2-ad41-daab9d5ab7bb;
?ContributorType_auc?;5c132335-8ad0-47bf-a4d1-6dda0a3a2654;
?ContributorType_fmo?;5c3abceb-6bd8-43aa-b08d-1187ae78b15b;
?ContributorType_frg?;06fef928-bd00-4c7f-bd3c-5bc93973f8e8;
?ContributorType_brd?;55e4a59b-2dfd-478d-9fe9-110fc24f0752;
?ContributorType_bnd?;f90c67e8-d1fa-4fe9-b98b-cbc3f019c65f;
?ContributorType_lbt?;6d5779a3-e692-4a24-a5ee-d1ce8a6eae47;
?ContributorType_asn?;9593efce-a42d-4991-9aad-3a4dc07abb1e;
?ContributorType_pat?;1b51068c-506a-4b85-a815-175c17932448;
?ContributorType_csl?;c04ff362-c80a-4543-88cf-fc6e49e7d201;
?ContributorType_stn?;94d131ef-2814-49a0-a59c-49b6e7584b3d;
?ContributorType_aut?;6e09d47d-95e2-4d8a-831b-f777b8ef6d81;
?ContributorType_fpy?;26ad4833-5d49-4999-97fc-44bc86a9fae0;
?ContributorType_dsr?;3665d2dd-24cc-4fb4-922a-699811daa41c;
?ContributorType_cas?;468ac852-339e-43b7-8e94-7e2ce475cb00;
?ContributorType_wal?;cb8fdd3f-7193-4096-934c-3efea46b1138;
?ContributorType_mrk?;168b6ff3-7482-4fd0-bf07-48172b47876c;
?ContributorType_pdr?;097adac4-6576-4152-ace8-08fc59cb0218;
?ContributorType_edm?;b1e95783-5308-46b2-9853-bd7015c1774b;
?ContributorType_dft?;c86fc16d-61d8-4471-8089-76550daa04f0;
?ContributorType_rpy?;cd06cefa-acfe-48cb-a5a3-4c48be4a79ad;
?ContributorType_rse?;7156fd73-b8ca-4e09-a002-bb2afaaf259a;
?ContributorType_bdd?;5f27fcc6-4134-4916-afb8-fcbcfb6793d4;
?ContributorType_osp?;563bcaa7-7fe1-4206-8fc9-5ef8c7fbf998;
?ContributorType_dnr?;8fbe6e92-87c9-4eff-b736-88cd02571465;
?ContributorType_uvp?;fec9ae68-6b55-4dd6-9637-3a694fb6a82b;
?ContributorType_wdc?;32021771-311e-497b-9bf2-672492f322c7;
?ContributorType_mtk?;002c0eef-eb77-4c0b-a38e-117a09773d59;
?ContributorType_rpt?;86b9292d-4dce-401d-861e-2df2cfaacb83;
?ContributorType_org?;539872f1-f4a1-4e83-9d87-da235f64c520;
?ContributorType_bpd?;9e99e803-c73d-4250-8605-403be57f83f9;
?ContributorType_tyg?;58461dca-efd4-4fd4-b380-d033e3540be5;
?ContributorType_act?;7131e7b8-84fa-48bd-a725-14050be38f9f;
?ContributorType_trc?;0eef1c70-bd77-429c-a790-48a8d82b4d8f;
?ContributorType_dfd?;e46bdfe3-5923-4585-bca4-d9d930d41148;
?ContributorType_cns?;756fcbfc-ef95-4bd0-99cc-1cc364c7b0cd;
?ContributorType_asg?;ad9b7785-53a2-4bf4-8a01-572858e82941;
?ContributorType_cot?;0ad74d5d-03b9-49bb-b9df-d692945ca66e;
?ContributorType_ctb?;9f0a2cf0-7a9b-45a2-a403-f68d2850d07c;
?ContributorType_cre?;7aac64ab-7f2a-4019-9705-e07133e3ad1a;
?ContributorType_ill?;3add6049-0b63-4fec-9892-e3867e7358e2;
?ContributorType_dtc?;00311f78-e990-4d8b-907e-c67a3664fe15;
?ContributorType_ltg?;2b45c004-805d-4e7f-864d-8664a23488dc;
?ContributorType_clt?;cbceda25-1f4d-43b7-96a5-f2911026a154;
?ContributorType_aft?;d517010e-908f-49d6-b1e8-8c1a5f9a7f1c;
?ContributorType_elg?;5b2de939-879c-45b4-817d-c29fd16b78a0;
?ContributorType_cst?;e1510ac5-a9e9-4195-b762-7cb82c5357c4;
?ContributorType_lit?;52c08141-307f-4997-9799-db97076a2eb3;
?ContributorType_sht?;206246b1-8e17-4588-bad8-78c82e3e6d54;
?ContributorType_apl?;7d0a897c-4f83-493a-a0c5-5e040cdce75b;
?ContributorType_prp?;e2b5ceaf-663b-4cc0-91ba-bf036943ece8;
?ContributorType_dub?;88370fc3-bf69-45b6-b518-daf9a3877385;
?ContributorType_spn?;38c09577-6652-4281-a391-4caabe4c09b6;
?ContributorType_ann?;06b2cbd8-66bf-4956-9d90-97c9776365a4;
?ContributorType_cli?;ec0959b3-becc-4abd-87b0-3e02cf2665cc;
?ContributorType_cpe?;6358626f-aa02-4c40-8e73-fb202fa5fb4d;
?ContributorType_flm?;22f8ea20-b4f0-4498-8125-7962f0037c2d;
?ContributorType_adi?;e2a1a9dc-4aec-4bb5-ae43-99bb0383516a;
?ContributorType_rps?;13361ce8-7664-46c0-860d-ffbcc01414e0;
?ContributorType_ato?;e8b5040d-a5c7-47c1-96ca-6313c8b9c849;
?ContributorType_drt?;12101b05-afcb-4159-9ee4-c207378ef910;
?ContributorType_pbd?;2d046e17-742b-4d99-8e25-836cc141fee9;
?ContributorType_aqt?;57247637-c41b-498d-9c46-935469335485;
?ContributorType_exp?;764c208a-493f-43af-8db7-3dd48efca45c;
?ContributorType_ant?;ced7cdfc-a3e0-47c8-861b-3f558094b02e;
?ContributorType_stg?;3e86cb67-5407-4622-a540-71a978899404;
?ContributorType_hst?;abfa3014-7349-444b-aace-9d28efa5ede4;
?ContributorType_pfr?;f9395f3d-cd46-413e-9504-8756c54f38a2;
?ContributorType_mfr?;d669122b-c021-46f5-a911-1e9df10b6542;
?ContributorType_bsl?;50a6d58a-cea2-42a1-8c57-0c6fde225c93;
?ContributorType_led?;d791c3b9-993a-4203-ac81-3fb3f14793ae;
?ContributorType_pta?;630142eb-6b68-4cf7-8296-bdaba03b5760;
?ContributorType_pht?;1aae8ca3-4ddd-4549-a769-116b75f3c773;
?ContributorType_cor?;8ddb69bb-cd69-4898-a62d-b71649089e4a;
?ContributorType_drm?;33aa4117-95d1-4eb5-986b-dfba809871f6;
?ContributorType_fmk?;2129a478-c55c-4f71-9cd1-584cbbb381d4;
?ContributorType_ape?;f0061c4b-df42-432f-9d1a-3873bb27c8e6;
?ContributorType_sce?;05875ac5-a509-4a51-a6ee-b8051e37c7b0;
?ContributorType_pup?;2c9cd812-7b00-47e8-81e5-1711f3b6fe38;
?ContributorType_pbl?;a60314d4-c3c6-4e29-92fa-86cc6ace4d56;
?ContributorType_sgd?;c0c46b4f-fd18-4d8a-96ac-aff91662206c;
?ContributorType_tld?;af09f37e-12f5-46db-a532-ccd6a8877f2d;
?ContributorType_rpc?;c96df2ce-7b00-498a-bf37-3011f3ef1229;
?ContributorType_prd?;b13f6a89-d2e3-4264-8418-07ad4de6a626;
?ContributorType_oth?;361f4bfd-a87d-463c-84d8-69346c3082f6;
?ContributorType_cos?;5aa6e3d1-283c-4f6d-8694-3bdc52137b07;
?ContributorType_len?;e4f2fd1c-ee79-4cf7-bc1a-fbaac616f804;
?ContributorType_mon?;d2df2901-fac7-45e1-a9ad-7a67b70ea65b;
?ContributorType_lsa?;3c1508ab-fbcc-4500-b319-10885570fe2f;
?ContributorType_arr?;ac64c865-4f29-4d51-8b43-7816a5217f04;
?ContributorType_fnd?;3555bf7f-a6cc-4890-b050-9c428eabf579;
?ContributorType_orm?;df7daf2f-7ab4-4c7b-a24d-d46695fa9072;
?ContributorType_rtm?;54fd209c-d552-43eb-850f-d31f557170b9;
?ContributorType_rcp?;94e6a5a8-b84f-44f7-b900-71cd10ea954e;
?ContributorType_mcp?;66bfc19c-eeb0-4167-bd8d-448311aab929;
?ContributorType_dte?;0d8dc4be-e87b-43df-90d4-1ed60c4e08c5;
?ContributorType_fds?;60d3f16f-958a-45c2-bb39-69cc9eb3835e;
?ContributorType_rce?;ab7a95da-590c-4955-b03b-9d8fbc6c1fe6;
?ContributorType_acp?;c9d28351-c862-433e-8957-c4721f30631f;
?ContributorType_rsr?;cf04404a-d628-432b-b190-6694c5a3dc4b;
?ContributorType_lel?;61c9f06f-620a-4423-8c78-c698b9bb555f;
?ContributorType_cmt?;c7345998-fd17-406b-bce0-e08cb7b2671f;
?ContributorType_lee?;88a66ebf-0b18-4ed7-91e5-01bc7e8de441;
?ContributorType_lil?;ae8bc401-47da-4853-9b0b-c7c2c3ec324d;
?ContributorType_trl?;3322b734-ce38-4cd4-815d-8983352837cc;
?ContributorType_crr?;c8050073-f62b-4606-9688-02caa98bdc60;
?ContributorType_rev?;85962960-ef07-499d-bf49-63f137204f9a;
?ContributorType_lbr?;e603ffa2-8999-4091-b10d-96248c283c04;
?ContributorType_srv?;a21a56ea-5136-439a-a513-0bffa53402de;
?ContributorType_sad?;c5988fb2-cd21-469c-b35e-37e443c01adc;
?ContributorType_stl?;a3642006-14ab-4816-b5ac-533e4971417a;
?ContributorType_prn?;b318e49c-f2ad-498c-8106-57b5544f9bb0;
?ContributorType_dst?;7b21bffb-91e1-45bf-980a-40dd89cc26e4;
?ContributorType_pop?;fd0a47ec-58ce-43f6-8ecc-696ec17a98ab;
?ContributorType_med?;a7a25290-226d-4f81-b780-2efc1f7dfd26;
?ContributorType_spk?;ac0baeb5-71e2-435f-aaf1-14b64e2ba700;
?ContributorType_cmm?;e0dc043c-0a4d-499b-a8a8-4cc9b0869cf3;
?ContributorType_tyd?;a2c9e8b5-edb4-49dc-98ba-27f0b8b5cebf;
?ContributorType_prf?;246858e3-4022-4991-9f1c-50901ccc1438;
?ContributorType_mfp?;a2231628-6a5a-48f4-8eac-7e6b0328f6fe;
?ContributorType_art?;f9e5b41b-8d5b-47d3-91d0-ca9004796337;
?ContributorType_ccp?;3db02638-598e-44a3-aafa-cbae77533ee1;
?ContributorType_aud?;4b41e752-3646-4097-ae80-21fd02e913f7;
?ContributorType_mrb?;515caf91-3dde-4769-b784-50c9e23400d5;
?ContributorType_ctt?;e8423d78-7b08-4f81-8f34-4871d5e2b7af;
?ContributorType_mod?;e79ca231-af4c-4724-8fe1-eabafd2e0bec;
?ContributorType_prc?;5ee1e598-72b8-44d5-8edd-173e7bc4cf8c;
?ContributorType_cwt?;316cd382-a4fe-4939-b06e-e7199bfdbc7a;
?ContributorType_cph?;2b7080f7-d03d-46af-86f0-40ea02867362;
?ContributorType_ilu?;e038262b-25f8-471b-93ea-2afe287b00a3;
?ContributorType_plt?;d30f5556-6d79-4980-9528-c48ef60f3b31;
?ContributorType_prs?;8210b9d7-8fe7-41b7-8c5f-6e0485b50725;
?ContributorType_tlp?;3ed655b0-505b-43fe-a4c6-397789449a5b;
?ContributorType_rsp?;3c3ab522-2600-4b93-a121-8832146d5cdf;
?ContributorType_std?;9e7651f8-a4f0-4d02-81b4-578ef9303d1b;
?ContributorType_pma?;0683aecf-42a8-432d-adb2-a8abaf2f15d5;
?ContributorType_ive?;e7e8fc17-7c97-4a37-8c12-f832ddca7a71;
?ContributorType_csp?;7bebb5a2-9332-4ba7-a258-875143b5d754;
?ContributorType_mte?;8af7e981-65f9-4407-80ae-1bacd11315d5;
?ContributorType_scl?;223da16e-5a03-4f5c-b8c3-0eb79f662bcb;
?ContributorType_jug?;b76cb226-50f9-4d34-a3d0-48b475f83c80;
?ContributorType_ths?;cce475f7-ccfa-4e15-adf8-39f907788515;
?ContributorType_rth?;44eaf0db-85dd-4888-ac8d-a5976dd483a6;
?ContributorType_cmp?;901d01e5-66b1-48f0-99f9-b5e92e3d2d15;
?ContributorType_cnd?;a79f874f-319e-4bc8-a2e1-f8b15fa186fe;
?ContributorType_rst?;94b839e8-cabe-4d58-8918-8a5058fe5501;
?ContributorType_pth?;2cb49b06-5aeb-4e84-8160-79d13c6357ed;
?ContributorType_rcd?;b388c02a-19dc-4948-916d-3688007b9a2c;
?ContributorType_sgn?;12a73179-1283-4828-8fd9-065e18dc2e78;
?ContributorType_ivr?;eecb30c5-a061-4790-8fa5-cf24d0fa472b;
?ContributorType_arc?;754edaff-07bb-45eb-88bf-10a8b6842c38;
?ContributorType_wde?;de1ea2dc-8d9d-4dfa-b86e-8ce9d8b0c2f2;
?ContributorType_wam?;913233b3-b2a0-4635-8dad-49b6fc515fc5;
?ContributorType_wst?;7c5c2fd5-3283-4f96-be89-3bb3e8fa6942;
?ContributorType_jud?;41a0378d-5362-4c1a-b103-592ff354be1c;
?ContributorType_ptt?;68dcc037-901e-46a9-9b4e-028548cd750f;
?ContributorType_cll?;8999f7cb-6d9a-4be7-aeed-4cc6aae35a8c;
?ContributorType_nrt?;2c345cb7-0420-4a7d-93ce-b51fb636cce6;
?ContributorType_rsg?;453e4f4a-cda9-4cfa-b93d-3faeb18a85db;
?ContributorType_anm?;b998a229-68e7-4a3d-8cfd-b73c10844e96;
?ContributorType_wpr?;115fa75c-385b-4a8e-9a2b-b13de9f21bcf;
?ContributorType_wit?;ec56cc25-e470-46f7-a429-72f438c0513b;
?ContributorType_com?;27aeee86-4099-466d-ba10-6d876e6f293b;
?ContributorType_str?;7e5b0859-80c1-4e78-a5e7-61979862c1fa;
?ContributorType_pre?;d04782ec-b969-4eac-9428-0eb52d97c644;
?ContributorType_elt?;201a378e-23dd-4aab-bfe0-e5bc3c855f9c;
?ContributorType_ren?;6b566426-f325-4182-ac31-e1c4e0b2aa19;
?ContributorType_res?;fec4d84b-0421-4d15-b53f-d5104f39b3ca;
?ContributorType_red?;b38c4e20-9aa0-43f4-a1a0-f547e54873f7;
?ContributorType_lyr?;398a0a2f-752d-4496-8737-e6df7c29aaa7;
?ContributorType_isb?;97082157-5900-4c4c-a6d8-2e6c13f22ef1;
?ContributorType_cov?;b7000ced-c847-4b43-8f29-c5325e6279a8;
?ContributorType_win?;53f075e1-53c0-423f-95ae-676df3d8c7a2;
?ContributorType_dgs?;825a7d9f-7596-4007-9684-9bee72625cfc;
?ContributorType_dln?;e04bea27-813b-4765-9ba1-e98e0fca7101;
?ContributorType_lso?;99f6b0b7-c22f-460d-afe0-ee0877bc66d1;
?ContributorType_crp?;319cb290-a549-4ae8-a0ed-a65fe155cac8;
?ContributorType_rdd?;fcfc0b86-b083-4ab8-8a75-75a66638ed2e;
?ContributorType_evp?;54f69767-5712-47aa-bdb7-39c31aa8295e;
?ContributorType_cur?;d67decd7-3dbe-4ac7-8072-ef18f5cd3e09;
?ContributorType_prm?;d6a6d28c-1bfc-46df-b2ba-6cb377a6151e;
?ContributorType_etr?;6ccd61f4-c408-46ec-b359-a761b4781477;
?ContributorType_col?;dd44e44e-a153-4ab6-9a7c-f3d23b6c4676;
?ContributorType_chr?;593862b4-a655-47c3-92b9-2b305b14cce7;
?ContributorType_aus?;40fe62fb-4319-4313-ac88-ac4912b1e1fa;
?ContributorType_enj?;61afcb8a-8c53-445b-93b9-38e799721f82;
?ContributorType_vac?;1ce93f32-3e10-46e2-943f-77f3c8a41d7d;
?ContributorType_sds?;1c623f6e-25bf-41ec-8110-6bde712dfa79;
?ContributorType_adp?;35a3feaf-1c13-4221-8cfa-d6879faf714c;
?ContributorType_con?;94bb3440-591f-41af-80fa-e124006faa49;
?ContributorType_eng?;366821b5-5319-4888-8867-0ffb2d7649d1;
?ContributorType_crt?;bd13d6d3-e604-4b80-9c5f-4d68115ba616;
?ContributorType_fmp?;2665431e-aad4-44d1-9218-04053d1cfd53;
?ContributorType_lse?;a8d59132-aa1e-4a62-b5bd-b26b7d7a16b9;
?ContributorType_cts?;9fc0bffb-6dd9-4218-9a44-81be4a5059d4;
?ContributorType_cou?;36b921fe-6c34-45c8-908b-5701f0763e1b;
?ContributorType_att?;d836488a-8d0e-42ad-9091-b63fe885fe03;
?ContributorType_scr?;867f3d13-779a-454e-8a06-a1b9fb37ba2a;
?ContributorType_ins?;f6bd4f15-4715-4b0e-9258-61dac047f106;
?ContributorType_ptf?;2230246a-1fdb-4f06-a08a-004fd4b929bf;
?ContributorType_spy?;2fba7b2e-26bc-4ac5-93cb-73e31e554377;
?ContributorType_prt?;02c1c664-1d71-4f7b-a656-1abf1209848f;
?ContributorType_pra?;08cb225a-302c-4d5a-a6a3-fa90850babcd;
?ContributorType_ppm?;e38a0c64-f1d3-4b03-a364-34d6b402841c;
?ContributorType_opn?;300171aa-95e1-45b0-86c6-2855fcaf9ef4;
?ContributorType_dto?;0d2580f5-fe16-4d64-a5eb-f0247cccb129;
?ContributorType_dpt?;7c62ecb4-544c-4c26-8765-f6f6d34031a0;
?ContributorType_abr?;28de45ae-f0ca-46fe-9f89-283313b3255b;
?ContributorType_fmd?;f5f9108a-9afc-4ea9-9b99-4f83dcf51204;
?ContributorType_his?;81b2174a-06b9-48f5-8c49-6cbaf7b869fe;
?ContributorType_pan?;003e8b5e-426c-4d33-b940-233b1b89dfbd;
?ContributorType_dis?;f26858bc-4468-47be-8e30-d5db4c0b1e88;
?ContributorType_bjd?;acad26a9-e288-4385-bea1-0560bb884b7a;
?ContributorType_mus?;08553068-8495-49c2-9c18-d29ab656fef0;
?ContributorType_cng?;2a3e2d58-3a21-4e35-b7e4-cffb197750e3;
?ContributorType_dtm?;9d81737c-ec6c-49d8-9771-50e1ab4d7ad7;
?ContributorType_ldr?;f74dfba3-ea20-471b-8c4f-5d9b7895d3b5;
?ContributorType_rbr?;0d022d0d-902d-4273-8013-0a2a753d9d76;
?ContributorType_blw?;245cfa8e-8709-4f1f-969b-894b94bc029f;
?ContributorType_lgd?;5e9333a6-bc92-43c0-a306-30811bb71e61;
?ContributorType_ctr?;28f7eb9e-f923-4a77-9755-7571381b2a47;
?ContributorType_let?;a5c024f1-3c81-492c-ab5e-73d2bc5dcad7;
?ContributorType_dnc?;3bd0b539-4440-4971-988c-5330daa14e3a;
?ContributorType_ard?;255be0dd-54d0-4161-9c6c-4d1f58310303;
?ContributorType_sll?;3179eb17-275e-44f8-8cad-3a9514799bd0;
?ContributorType_anl?;396f4b4d-5b0a-4fb4-941b-993ebf63db2e;
?ContributorType_bkp?;c9c3bbe8-d305-48ef-ab2a-5eff941550e3;
?ContributorType_ctg?;22286157-3058-434c-9009-8f8d100fc74a;
?ContributorType_dpc?;d32885eb-b82c-4391-abb2-4582c8ee02b3;
?ContributorType_prg?;b47d8841-112e-43be-b992-eccb5747eb50;
?ContributorType_app?;ca3b9559-f178-41e8-aa88-6b2c367025f9;
?ContributorType_cte?;f3aa0070-71bd-4c39-9a9b-ec2fd03ac26d;
?ContributorType_wat?;6a983219-b6cd-4dd7-bfa4-bcb0b43590d4;
?ContributorType_tch?;f72a24d1-f404-4275-9350-158fe3a20b21;
?ContributorType_pmn?;3cbd0832-328e-48f5-96c4-6f7bcf341461;
?ContributorType_dfe?;3ebe73f4-0895-4979-a5e3-2b3e9c63acd6;
?ContributorType_fld?;2576c328-61f1-4684-83cf-4376a66f7731;
?ContributorType_msd?;e1edbaae-5365-4fcb-bb6a-7aae38bbed9c;
?ContributorType_coe?;9945290f-bcd7-4515-81fd-09e23567b75d;
?ContributorType_vdg?;c6005151-7005-4ee7-8d6d-a6b72d25377a;
?ContributorType_inv?;21430354-f17a-4ac1-8545-1a5907cd15e5;
?ContributorType_mdc?;ee04a129-f2e4-4fd7-8342-7a73a0700665;
?ContributorType_sng?;6847c9ab-e2f8-4c9e-8dc6-1a97c6836c1c;
?ContributorType_stm?;b02cbeb7-8ca7-4bf4-8d58-ce943b4d5ea3;
?ContributorType_brl?;a986c8f2-b36a-400d-b09f-9250a753563c;
?ContributorType_fac?;036b6349-27c8-4b68-8875-79cb8e0fd459;
?ContributorType_aui?;1f20d444-79f6-497a-ae0d-98a92e504c58;
?ContributorType_hnr?;5c1e0a9e-1fdc-47a5-8d06-c12af63cbc5a;
?ContributorType_sec?;12b7418a-0c90-4337-90b7-16d2d3157b68;
?ContributorType_pro?;81bbe282-dca7-4763-bf5a-fe28c8939988;
?ContributorType_dbp?;d5e6972c-9e2f-4788-8dd6-10e859e20945;
?ContributorType_prv?;3b4709f1-5286-4c42-9423-4620fff78141;
?ContributorType_wac?;bf1a8165-54bf-411c-a5ea-b6bbbb9c55df;
?ContributorType_cpl?;8f9d96f5-32ad-43d7-8122-18063a617fc8;
?ElectronicAccessRelationship_Resource?;f5d0068e-6272-458e-8a81-b85e7b9a14aa;
?ElectronicAccessRelationship_Version_of_resource?;3b430592-2e09-4b48-9a0c-0636d66b9fb3;
?ElectronicAccessRelationship_No_information_provided?;f50c90c9-bae0-4add-9cd0-db9092dbc9dd;
?ElectronicAccessRelationship_No_display_constant_generated?;ef03d582-219c-4221-8635-bc92f1107021;
?ElectronicAccessRelationship_Related_resource?;5bfe1b7b-f151-4501-8cfa-23b321d5cd1e;
?IdentifierType_Other_standard_identifier?;2e8b3b6c-0e7d-4e48-bca2-b0b23b376af5;
?IdentifierType_UkMac?;650ef996-35e3-48ec-bf3a-a0d078a0ca37;
?IdentifierType_Control_number?;5d164f4b-0b15-4e42-ae75-cfcf85318ad9;
?IdentifierType_Publisher_or_distributor_number?;b5d8cdc4-9441-487c-90cf-0c7ec97728eb;
?IdentifierType_System_control_number?;7e591197-f335-4afb-bc6d-a6d76ca3bace;
?IdentifierType_ISBN?;8261054f-be78-422d-bd51-4ed9f33c3422;
?IdentifierType_Cancelled_GPO_item_number?;5069054d-bc3a-4212-a4e8-e2013a02386f;
?IdentifierType_ASIN?;7f907515-a1bf-4513-8a38-92e1a07c539d;
?IdentifierType_StEdNL?;3fbacad6-0240-4823-bce8-bb122cfdf229;
?IdentifierType_Linking_ISSN?;5860f255-a27f-4916-a830-262aa900a6b9;
?IdentifierType_CODEN?;593b78cb-32f3-44d1-ba8c-63fd5e6989e6;
?IdentifierType_Report_number?;37b65e79-0392-450d-adc6-e2a1f47de452;
?IdentifierType_GPO_item_number?;351ebc1c-3aae-4825-8765-c6d50dbf011f;
?IdentifierType_Invalid_ISSN?;27fd35a6-b8f6-41f2-aa0e-9c663ceb250c;
?IdentifierType_DOI?;39554f54-d0bb-4f0a-89a4-e422f6136316;
?IdentifierType_Standard_technical_report_number?;8e3dd25e-db82-4b06-8311-90d41998c109;
?IdentifierType_OCLC?;439bfbae-75bc-4f74-9fc7-b2a2d47ce3ef;
?IdentifierType_URN?;eb7b2717-f149-4fec-81a3-deefb8f5ee6b;
?IdentifierType_LCCN?;c858e4f2-2b6b-4385-842b-60732ee14abb;
?IdentifierType_Invalid_ISBN?;fcca2643-406a-482a-b760-7a7f8aec640e;
?IdentifierType_BNB?;3187432f-9434-40a8-8782-35a111a1491e;
?IdentifierType_Handle?;216b156b-215e-4839-a53e-ade35cb5702a;
?IdentifierType_ISSN?;913300b2-03ed-469a-8179-c1092c991227;
?IdentifierType_Local_identifier?;5130aed5-1095-4fb6-8f6f-caa3d6cc7aae;
?InstanceFormat_vz?;e3179f91-3032-43ee-be97-f0464f359d9c;
?InstanceFormat_mo?;f0e689e8-e62d-4aac-b1c1-198ac9114aca;
?InstanceFormat_sq?;7fde4e21-00b5-4de4-a90a-08a84a601aeb;
?InstanceFormat_hd?;7bfe7e83-d4aa-46d1-b2a9-f612b18d11f4;
?InstanceFormat_he?;fc3e32a0-9c85-4454-a42e-39fca788a7dc;
?InstanceFormat_cb?;88f58dc0-4243-4c6b-8321-70244ff34a83;
?InstanceFormat_hg?;788aa9a6-5f0b-4c52-957b-998266ee3bd3;
?InstanceFormat_ch?;d16b19d1-507f-4a22-bb8a-b3f713a73221;
?InstanceFormat_hh?;33009ba2-b742-4aab-b592-68b27451e94f;
?InstanceFormat_gd?;53f44ae4-167b-4cc2-9a63-4375c0ad9f58;
?InstanceFormat_sd?;5cb91d15-96b1-4b8a-bf60-ec310538da66;
?InstanceFormat_pp?;b1c69d78-4afb-4d8b-9624-8b3cfa5288ad;
?InstanceFormat_nb?;5913bb96-e881-4087-9e71-33a43f68e12e;
?InstanceFormat_ca?;f4f30334-568b-4dd2-88b5-db8401607daf;
?InstanceFormat_eh?;e62f4860-b3b0-462e-92b6-e032336ab663;
?InstanceFormat_cf?;e5aeb29a-cf0a-4d97-8c39-7756c10d423c;
?InstanceFormat_vf?;431cc9a0-4572-4613-b267-befb0f3d457f;
?InstanceFormat_hz?;a0f2612b-f24f-4dc8-a139-89c3da5a38f1;
?InstanceFormat_hb?;fc9bfed9-2cb0-465f-8758-33af5bba750b;
?InstanceFormat_pz?;55d3b8aa-304e-4967-8b78-55926d7809ac;
?InstanceFormat_cr?;f5e8210f-7640-459b-a71f-552567f92369;
?InstanceFormat_sg?;5642320a-2ab9-475c-8ca2-4af7551cf296;
?InstanceFormat_zu?;98f0caa9-d38e-427b-9ec4-454de81a94d7;
?InstanceFormat_mf?;47b226c0-853c-40f4-ba2e-2bd5ba82b665;
?InstanceFormat_gf?;8e04d356-2645-4f97-8de8-9721cf11ccef;
?InstanceFormat_no?;5fa3e09f-2192-41a9-b4bf-9eb8aef0af0a;
?InstanceFormat_st?;7612aa96-61a6-41bd-8ed2-ff1688e794e1;
?InstanceFormat_mr?;55a66581-3921-4b50-9981-4fe53bf35e7f;
?InstanceFormat_gt?;eb860cea-b842-4a8b-ab8d-0739856f0c2c;
?InstanceFormat_cz?;fe1b9adb-e0cf-4e05-905f-ce9986279404;
?InstanceFormat_es?;c3f41d5e-e192-4828-805c-6df3270c1910;
?InstanceFormat_nn?;affd5809-2897-42ca-b958-b311f3e0dcfb;
?InstanceFormat_sw?;6a679992-b37e-4b57-b6ea-96be6b51d2b4;
?InstanceFormat_ck?;549e3381-7d49-44f6-8232-37af1cb5ecf3;
?InstanceFormat_vc?;132d70db-53b3-4999-bd79-0fac3b8b9b98;
?InstanceFormat_sz?;a3549b8c-3282-4a14-9ec3-c1cf294043b9;
?InstanceFormat_ce?;e05f2613-05df-4b4d-9292-2ee9aa778ecc;
?InstanceFormat_hj?;cb96199a-21fb-4f11-b003-99291d8c9752;
?InstanceFormat_hc?;b71e5ec6-a15d-4261-baf9-aea6be7af15b;
?InstanceFormat_na?;68e7e339-f35c-4be2-b161-0b94d7569b7b;
?InstanceFormat_vr?;ba0d7429-7ccf-419d-8bfb-e6a1200a8d20;
?InstanceFormat_se?;485e3e1d-9f46-42b6-8c65-6bb7bd4b37f8;
?InstanceFormat_si?;5bfb7b4f-9cd5-4577-a364-f95352146a56;
?InstanceFormat_gs?;b2b39d2f-856b-4419-93d3-ed1851f91b9f;
?InstanceFormat_nr?;926662e9-2486-4bb9-ba3b-59bd2e7f2a0c;
?InstanceFormat_vd?;7f857834-b2e2-48b1-8528-6a1fe89bf979;
?InstanceFormat_nz?;2802b285-9f27-4c86-a9d7-d2ac08b26a79;
?InstanceFormat_ez?;7c9b361d-66b6-4e4c-ae4b-2c01f655612c;
?InstanceFormat_mz?;9166e7c9-7edb-4180-b57e-e495f551297f;
?InstanceFormat_mc?;6bf2154b-df6e-4f11-97d0-6541231ac2be;
?InstanceFormat_nc?;8d511d33-5e85-4c5d-9bce-6e3c9cd0c324;
?InstanceFormat_gc?;f7107ab3-9c09-4bcb-a637-368f39e0b140;
?InstanceFormat_ss?;6d749f00-97bd-4eab-9828-57167558f514;
?InstanceFormat_ha?;cb3004a3-2a85-4ed4-8084-409f93d6d8ba;
?InstanceFormat_hf?;b72e66e2-d946-4b01-a696-8fab07051ff8;
?InstanceFormat_cd?;ac9de2b9-0914-4a54-8805-463686a5489e;
?InstanceNoteType_Study_Program_Information_note?;06489647-c7b7-4b6c-878a-cb7c1178e9ca;
?InstanceNoteType_Issuing_Body_note?;49475f04-35ef-4f8a-aa7f-92773594ca76;
?InstanceNoteType_Scale_note_for_graphic_material?;72c611ab-f353-4c09-a0cc-33ff96cc3bef;
?InstanceNoteType_Additional_Physical_Form_Available_note?;1d51e8b2-dee7-43f5-983c-a40757b9cdfa;
?InstanceNoteType_Creation_/_Production_Credits_note?;9f08c9b7-500a-43e0-b00f-ba02396b198f;
?InstanceNoteType_Preferred_Citation_of_Described_Materials_note?;09812302-92f7-497e-9120-ed25de458ea5;
?InstanceNoteType_Local_notes?;265c4910-3997-4242-9269-6a4a2e91392b;
?InstanceNoteType_Source_of_Description_note?;66ea8f28-d5da-426a-a7c9-739a5d676347;
?InstanceNoteType_Copy_and_Version_Identification_note?;ec9f8285-6bf9-4e6c-a3cb-38ef17f0317f;
?InstanceNoteType_Biographical_or_Historical_Data?;c636881b-8927-4480-ad1b-8d7b27b4bbfe;
?InstanceNoteType_Target_Audience_note?;922fdcde-952d-45c2-b9ea-5fc8959ad116;
?InstanceNoteType_Location_of_Originals_/_Duplicates_note?;c6340b85-d048-426a-89aa-163cfb801a56;
?InstanceNoteType_System_Details_note?;95f62ca7-5df5-4a51-9890-d0ec3a34665f;
?InstanceNoteType_Action_note?;1c017b8d-c783-4f63-b620-079f7a5b9c07;
?InstanceNoteType_Supplement_note?;aecfda7a-e8aa-46d6-9046-9b0b8c231b85;
?InstanceNoteType_Geographic_Coverage_note?;28e12ad3-4a8d-48cc-b56c-a5ded22fc844;
?InstanceNoteType_General_note?;6a2533a7-4de2-4e64-8466-074c2fa9308c;
?InstanceNoteType_Terms_Governing_Use_and_Reproduction_note?;f677d908-69c6-4450-94a6-abbcf94a1ee5;
?InstanceNoteType_Former_Title_Complexity_note?;806cb024-80d2-47c2-8bbf-b91091c85f68;
?InstanceNoteType_Linking_Entry_Complexity_note?;779c22a2-311c-4ebb-b71e-b246c7ee574d;
?InstanceNoteType_Dissertation_note?;b73cc9c2-c9fa-49aa-964f-5ae1aa754ecd;
?InstanceNoteType_Original_Version_note?;42be8949-6f69-4c55-874b-60b744ac1103;
?InstanceNoteType_Cartographic_Mathematical_Data?;794f19f1-d00b-4b4b-97e9-0de5a34495a0;
?InstanceNoteType_Entity_and_Attribute_Information_note?;1cb8ac76-01fa-49be-8b9c-fcdaf17458a5;
?InstanceNoteType_Language_note?;7356cde5-ec6b-4961-9cb0-961c48a37af4;
?InstanceNoteType_Accumulation_and_Frequency_of_Use_note?;1c7acba3-523d-4237-acd2-e88549bfc660;
?InstanceNoteType_Data_quality_note?;7929eee7-6822-4199-8df4-bb2ae773e4cd;
?InstanceNoteType_Methodology_note?;02b5b0c6-3375-4912-ac75-ad9f552362b2;
?InstanceNoteType_Information_About_Documentation_note?;13047c94-7d2c-4c41-9658-abacfa97a5c8;
?InstanceNoteType_Case_File_Characteristics_note?;6f76f4e7-9c0b-4138-9371-09b36136372d;
?InstanceNoteType_Type_of_computer_file_or_data_note?;3d931c23-6ae8-4e5a-8802-dc8c2e21ea19;
?InstanceNoteType_Summary?;10e2e11b-450f-45c8-b09b-0f819999966e;
?InstanceNoteType_Date_/_time_and_place_of_an_event_note?;43295b78-3bfa-4c28-bc7f-8d924f63493f;
?InstanceNoteType_Restrictions_on_Access_note?;e814a32e-02da-4773-8f3a-6629cdb7ecdf;
?InstanceNoteType_Location_of_Other_Archival_Materials_note?;9a4b39f4-a7d5-4c4d-abc6-5ccf1fc1d78c;
?InstanceNoteType_Accessibility_note?;a6a5550f-4981-4b48-b821-a57d5c8ca3b3;
?InstanceNoteType_Exhibitions_note?;0ed2da88-3f81-42f5-b688-91b70919d9bb;
?InstanceNoteType_Information_related_to_Copyright_Status?;654be0fd-bba2-4791-afa3-ae60300d7043;
?InstanceNoteType_With_note?;06b44741-888e-4b15-a75e-cb29e27752d1;
?InstanceNoteType_Participant_or_Performer_note?;9b56b954-7f3b-4e4b-8ed0-cf40aef13975;
?InstanceNoteType_Publications_About_Described_Materials_note?;e0ea861c-959f-4912-8579-5e9ea8a69454;
?InstanceNoteType_Bibliography_note?;86b6e817-e1bc-42fb-bab0-70e7547de6c1;
?InstanceNoteType_Cumulative_Index_/_Finding_Aides_notes?;fda2f2e3-965f-4220-8a2b-93d35ce6d582;
?InstanceNoteType_Numbering_peculiarities_note?;cf635f41-29e7-4dd0-8598-33f230157074;
?InstanceNoteType_Funding_Information_Note?;f289c02b-9515-4c3f-b242-ffd071e82135;
?InstanceNoteType_Reproduction_note?;d548fdff-b71c-4359-8055-f1c008c30f01;
?InstanceNoteType_Immediate_Source_of_Acquisition_note?;86c4bd09-16de-45ee-89d3-b6d32fae6de9;
?InstanceNoteType_Binding_Information_note?;0dc69a30-6d2b-40df-a50e-e4982bda86f4;
?InstanceNoteType_Formatted_Contents_Note?;5ba8e385-0e27-462e-a571-ffa1fa34ea54;
?InstanceNoteType_Awards_note?;e8cdc2fe-c53c-478a-a7f3-47f2fc79c6d4;
?InstanceNoteType_Ownership_and_Custodial_History_note?;56cf513e-a738-40c5-a3ab-b0c60ba07e15;
?InstanceNoteType_Type_of_report_and_period_covered_note?;f939b820-4a23-43d1-84ba-101add6e1456;
?InstanceNoteType_Citation_/_References_note?;6ca9df3f-454d-4b5b-9d41-feb5d5030b99;
?InstanceRelationshipType_monographic_series?;30773a27-b485-4dab-aeb6-b8c04fa3cb17;
?InstanceRelationshipType_bound-with?;758f13db-ffb4-440e-bb10-8a364aa6cb4a;
?InstanceRelationshipType_multipart_monograph?;a17daf0a-f057-43b3-9997-13d0724cdf51;
?InstanceStatuse_other?;2a340d34-6b70-443a-bb1b-1b8d1c65d862;
?InstanceStatuse_cat?;9634a5ab-9228-4703-baf2-4d12ebc77d56;
?InstanceStatuse_uncat?;26f5208e-110a-4394-be29-1569a8c84a65;
?InstanceStatuse_temp?;daf2681c-25af-4202-a3fa-e58fdf806183;
?InstanceStatuse_none?;f5cc2ab6-bb92-4cab-b83f-5a3d09261a41;
?InstanceStatuse_batch?;52a2ff34-2a12-420d-8539-21aa8d3cf5d8;
?InstanceType_xxx?;a2c91e87-6bab-44d6-8adb-1fd02481fc4f;
?InstanceType_tct?;8105bd44-e7bd-487e-a8f2-b804a361d92f;
?InstanceType_zzz?;30fffe0e-e985-4144-b2e2-1e8179bdb41f;
?InstanceType_tci?;efe2e89b-0525-4535-aa9b-3ff1a131189e;
?InstanceType_crf?;2022aa2e-bdde-4dc4-90bc-115e8894b8b3;
?InstanceType_cod?;df5dddff-9c30-4507-8b82-119ff972d4d7;
?InstanceType_snd?;9bce18bd-45bf-4949-8fa8-63163e4b7d7f;
?InstanceType_txt?;6312d172-f0cf-40f6-b27d-9fa8feaf332f;
?InstanceType_tdf?;c1e95c2b-4efc-48cf-9e71-edb622cf0c22;
?InstanceType_prm?;3be24c14-3551-4180-9292-26a786649c8b;
?InstanceType_sti?;535e3160-763a-42f9-b0c0-d8ed7df6e2a2;
?InstanceType_spw?;c7f7446f-4642-4d97-88c9-55bae2ad6c7f;
?InstanceType_cri?;526aa04d-9289-4511-8866-349299592c18;
?InstanceType_tcn?;e6a278fb-565a-4296-a7c5-8eb63d259522;
?InstanceType_crd?;3363cdb1-e644-446c-82a4-dc3a1d4395b9;
?InstanceType_ntv?;fbe264b5-69aa-4b7c-a230-3b53337f6440;
?InstanceType_crn?;e5136fa2-1f19-4581-b005-6e007a940ca8;
?InstanceType_tcf?;82689e16-629d-47f7-94b5-d89736cf11f2;
?InstanceType_crm?;80c0c134-0240-4b63-99d0-6ca755d5f433;
?InstanceType_crt?;408f82f0-e612-4977-96a1-02076229e312;
?InstanceType_tcm?;a67e00fd-dcce-42a9-9e75-fd654ec31e89;
?InstanceType_ntm?;497b5090-3da2-486c-b57f-de5bb3c2e26d;
?InstanceType_tdm?;3e3039b7-fda0-4ac4-885a-022d457cb99c;
?InstanceType_cop?;c208544b-9e28-44fa-a13c-f4093d72f798;
?InstanceType_tdi?;225faa14-f9bf-4ecd-990d-69433c912434;
?ItemDamageStatuse_Not_Damaged?;516b82eb-1f19-4a63-8c48-8f1a3e9ff311;
?ItemDamageStatuse_Damaged?;54d1dd76-ea33-4bcb-955b-6b29df4f7930;
?ItemNoteType_Electronic_bookplate?;f3ae3823-d096-4c65-8734-0c1efd2ffea8;
?ItemNoteType_Copy_note?;1dde7141-ec8a-4dae-9825-49ce14c728e7;
?ItemNoteType_Action_note?;0e40884c-3523-4c6d-8187-d578e3d2794e;
?ItemNoteType_Binding?;87c450be-2033-41fb-80ba-dd2409883681;
?ItemNoteType_Provenance?;c3a539b9-9576-4e3a-b6de-d910200b2919;
?ItemNoteType_Reproduction?;acb3a58f-1d72-461d-97c3-0e7119e8d544;
?ItemNoteType_Note?;8d0a5eca-25de-4391-81a9-236eeefdd20b;
?LoanType_Reading_room?;2e48e713-17f3-4c13-a9f8-23845bb210a4;
?LoanType_Selected?;a1dc1ce3-d56f-4d8a-b498-d5d674ccc845;
?LoanType_Course_reserves?;e8b311a6-3b21-43f2-a269-dd9310cb2d0e;
?LoanType_Can_circulate?;2b94c631-fca9-4892-a730-03ee529ffe27;
?Location_KU/CC/DI/2?;f34d27c6-a8eb-461b-acd6-5dea81771e70;
?Location_KU/CC/DI/M?;fcd64ce1-6995-48f0-840e-89ffa2288371;
?Location_KU/CC/DI/A?;53cf956f-c1df-410b-8bea-27f712cca7c0;
?MaterialType_video_recording?;30b3e36a-d3b2-415e-98c2-47fbdf878862;
?MaterialType_unspecified?;71fbd940-1027-40a6-8a48-49b44d795e46;
?MaterialType_book?;1a54b431-2e4f-452d-9cae-9cee66c9a892;
?MaterialType_text?;d9acad2f-2aac-4b48-9097-e6ab85906b25;
?MaterialType_sound_recording?;dd0bf600-dbd9-44ab-9ff2-e2a61a6539f1;
?MaterialType_electronic_resource?;615b8413-82d5-4203-aa6e-e37984cb5ac3;
?MaterialType_dvd?;5ee11d91-f7e8-481d-b079-65d708582ccc;
?IssuanceMode_integrating_resource?;4fc0f4fe-06fd-490a-a078-c4da1754e03a;
?IssuanceMode_multipart_monograph?;f5cc2ab6-bb92-4cab-b83f-5a3d09261a41;
?IssuanceMode_serial?;068b5344-e2a6-40df-9186-1829e13cd344;
?IssuanceMode_single_unit?;9d18a02f-5897-4c31-9106-c9abb5c7ae8b;
?IssuanceMode_unspecified?;612bbd3d-c16b-4bfb-8517-2afafc60204a;
?NatureOfContentTerm_report?;71b43e3a-8cdd-4d22-9751-020f34fb6ef8;
?NatureOfContentTerm_illustrated_book_/_picture_book?;631893b6-5d8a-4e1a-9e6b-5344e2945c74;
?NatureOfContentTerm_newspaper?;ebbbdef1-00e1-428b-bc11-314dc0705074;
?NatureOfContentTerm_textbook?;44cd89f3-2e76-469f-a955-cc57cb9e0395;
?NatureOfContentTerm_thesis?;94f6d06a-61e0-47c1-bbcb-6186989e6040;
?NatureOfContentTerm_experience_report?;c0d52f31-aabb-4c55-bf81-fea7fdda94a4;
?NatureOfContentTerm_research_report?;4570a93e-ddb6-4200-8e8b-283c8f5c9bfa;
?NatureOfContentTerm_monographic_series?;536da7c1-9c35-45df-8ea1-c3545448df92;
?NatureOfContentTerm_festschrift?;b29d4dc1-f78b-48fe-b3e5-df6c37cdc58d;
?NatureOfContentTerm_autobiography?;04a6a8d2-f902-4774-b15f-d8bd885dc804;
?NatureOfContentTerm_journal?;0abeee3d-8ad2-4b04-92ff-221b4fce1075;
?NatureOfContentTerm_biography?;b6e214bd-82f5-467f-af5b-4592456dc4ab;
?NatureOfContentTerm_travel_report?;9419a20e-6c8f-4ae1-85a7-8c184a1f4762;
?NatureOfContentTerm_proceedings?;073f7f2f-9212-4395-b039-6f9825b11d54;
?NatureOfContentTerm_exhibition_catalogue?;b82b3a0d-00fa-4811-96da-04f531da8ea8;
?NatureOfContentTerm_audiobook?;96879b60-098b-453b-bf9a-c47866f1ab2a;
?NatureOfContentTerm_website?;2fbc8a7b-b432-45df-ba37-46031b1f6545;
?NatureOfContentTerm_literature_report?;31572023-f4c9-4cf3-80a2-0543c9eda884;
?NatureOfContentTerm_comic_(book)?;acceb2d6-4f05-408f-9a88-a92de26441ce;
?NatureOfContentTerm_school_program?;85657646-6b6f-4e71-b54c-d47f3b95a5ed;
?NatureOfContentTerm_bibliography?;f5908d05-b16a-49cf-b192-96d55a94a0d1;
?ServicePoint_Online?;7c5abc9f-f3d7-4856-b8d7-6712462ca007;
?ServicePoint_cd2?;c4c90014-c8c9-4ade-8f24-b5e313319f4b;
?ServicePoint_cd1?;3a40852d-49fd-4df2-a1f9-6e2641a6e91f;
?StatisticalCode_compfiles?;bb76b1c1-c9df-445c-8deb-68bb3580edc2;
?StatisticalCode_rnonmusic?;91b8f0b4-0e13-4270-9fd6-e39203d0f449;
?StatisticalCode_mfiche?;16f2d65e-eb68-4ab1-93e3-03af50cb7370;
?StatisticalCode_audstream?;e10796e0-a594-47b7-b748-3a81b69b3d9b;
?StatisticalCode_ebooks?;9d8abbe2-1a94-4866-8731-4d12ac09f7a8;
?StatisticalCode_mfilm?;1c622d0f-2e91-4c30-ba43-2750f9735f51;
?StatisticalCode_mmedia?;2850630b-cd12-4379-af57-5c51491a6873;
?StatisticalCode_ENF?;0868921a-4407-47c9-9b3e-db94644dbae7;
?StatisticalCode_mss?;d82c025e-436d-4006-a677-bd2b4cdb7692;
?StatisticalCode_serials?;775b6ad4-9c35-4d29-bf78-8775a9b42226;
?StatisticalCode_emusic?;ecab577d-a050-4ea2-8a86-ea5a234283ea;
?StatisticalCode_books?;b5968c9e-cddc-4576-99e3-8e60aed8b0dd;
?StatisticalCode_maps?;97e91f57-fad7-41ea-a660-4031bf8d4ea8;
?StatisticalCode_XOCLC?;264c4f94-1538-43a3-8b40-bed68384b31b;
?StatisticalCode_visual?;972f81d5-9f8f-4b56-a10e-5c05419718e6;
?StatisticalCode_evisual?;b2c0e100-0485-43f2-b161-3c60aac9f68a;
?StatisticalCode_ISER?;0e516e54-bf36-4fc2-a0f7-3fe89a61c9c0;
?StatisticalCode_rmusic?;6899291a-1fb9-4130-98ce-b40368556818;
?StatisticalCode_arch?;b6b46869-f3c1-4370-b603-29774a1e42b1;
?StatisticalCode_UCPress?;f47b773a-bd5f-4246-ac1e-fa4adcd0dcdf;
?StatisticalCode_music?;30b5400d-0b9e-4757-a3d0-db0d30a49e72;
?StatisticalCode_its?;38249f9e-13f8-48bc-a010-8023cd194af5;
?StatisticalCode_polsky?;950d3370-9a3c-421e-b116-76e7511af9e9;
?StatisticalCode_emaps?;b76a3088-8de6-46c8-a130-c8e74b8d2c5b;
?StatisticalCode_ASER?;c7a32c50-ea7c-43b7-87ab-d134c8371330;
?StatisticalCode_withdrawn?;c4073462-6144-4b69-a543-dd131e241799;
?StatisticalCode_vidstream?;6d584d0e-3dbc-46c4-a1bd-e9238dd9a6be;
?StatisticalCode_eserials?;a5ccf92e-7b1f-4990-ac03-780a6a767f37;
